id;type;request;response;status;reason;process_start_time;process_end_time
1;feed Direct bypassing;Investor incubate;Buckinghamshire Norfolk;SDD;Programmable Cambridgeshire Refined;2023-06-05;2023-06-05
2;Profit-focused Administrator;Ruble Avon;4th Research;synthesize;system Integrated;2023-06-05;2023-06-05
3;Estates Computer Codes;mobile port;array withdrawal;Gibraltar Investment Plastic;solid;2023-06-05;2023-06-05
4;digital killer Drive;Chips reintermediate;JBOD hack Monaco;Bedfordshire Chief payment;Burg Peso;2023-06-05;2023-06-05
5;Pants Generic Ergonomic;Mandatory groupware New;Automotive;Communications Movies;Handmade SMS Bedfordshire;2023-06-05;2023-06-05
6;payment Dynamic;Direct;connecting;Cambridgeshire Baby;primary;2023-06-05;2023-06-06
7;Implemented;Handcrafted gold;Table Movies;Ergonomic action-items;Handcrafted blockchains revolutionize;2023-06-05;2023-06-05
8;calculating neural;Bedfordshire;quantifying monetize;AI Global Brazil;Branding;2023-06-05;2023-06-05
9;monitoring SMS;Handcrafted;circuit multi-byte;Generic groupware deposit;Loan Chicken;2023-06-05;2023-06-06
10;Swaziland Fantastic;Dinar;Ergonomic green;Brand hacking;Carolina Qatar;2023-06-06;2023-06-05
